day,alarm (%H:%M:%S)
1,00:00:02
2,11:21:23
3,17:59:58
4,22:42:46
5,02:22:08
6,05:21:25
7,07:52:56
8,10:04:12
9,12:00:00
10,13:43:31
11,15:17:14
12,16:42:48
13,18:01:28
14,19:14:18
15,20:22:09
16,21:25:36
17,22:25:10
18,23:21:21
19,00:14:32
20,01:04:58
21,01:52:53
22,02:38:40
23,03:22:21
24,04:04:10
25,04:44:19
26,05:22:53
27,05:59:57
28,06:35:43
29,07:10:13
30,07:43:33
31,08:15:46
32,08:46:59
33,09:17:15
34,09:46:35
35,10:15:04
36,10:42:47
37,11:09:41
38,11:35:53
39,12:01:27
40,12:26:21
41,12:50:36
42,13:14:18
43,13:37:25
44,14:00:03
45,14:22:07
46,14:43:43
47,15:04:53
48,15:25:35
49,15:45:52
50,16:05:44
51,16:25:11
52,16:44:16
53,17:03:00
54,17:21:21
55,17:39:24
56,17:57:06
57,18:14:31
58,18:31:36
59,18:48:24
60,19:04:57
61,19:21:11
62,19:37:08
63,19:52:54
64,20:08:23
65,20:23:37
66,20:38:38
67,20:53:23
68,21:07:59
69,21:22:19
70,21:36:27
71,21:50:23
72,22:04:10
73,22:17:43
74,22:31:07
75,22:44:17
76,22:57:20
77,23:10:08
78,23:22:51
79,23:35:24
80,23:47:45
81,23:59:58
82,00:12:00
83,00:23:55
84,00:35:43
85,00:47:21
86,00:58:50
87,01:10:12
88,01:21:26
89,01:32:33
90,01:43:31
91,01:54:23
92,02:05:07
93,02:15:44
94,02:26:17
95,02:36:42
96,02:47:00
97,02:57:09
98,03:07:16
99,03:17:13
100,03:27:07
101,03:36:54
102,03:46:33
103,03:56:11
104,04:05:40
105,04:15:02
106,04:24:25
107,04:33:37
108,04:42:46
109,04:51:47
110,05:00:48
111,05:09:41
112,05:18:32
113,05:27:14
114,05:35:56
115,05:44:29
116,05:53:00
117,06:01:27
118,06:09:49
119,06:18:07
120,06:26:20
121,06:34:30
122,06:42:36
123,06:50:36
124,06:58:36
125,07:06:28
126,07:14:17
127,07:22:02
128,07:29:47
129,07:37:24
130,07:45:01
131,07:52:35
132,08:00:02
133,08:07:29
134,08:14:49
135,08:22:08
136,08:29:23
137,08:36:35
138,08:43:45
139,08:50:49
140,08:57:53
141,09:04:53
142,09:11:50
143,09:18:42
144,09:25:35
145,09:32:23
146,09:39:05
147,09:45:51
148,09:52:31
149,09:59:07
150,10:05:43
151,10:12:15
152,10:18:42
153,10:25:11
154,10:31:34
155,10:37:55
156,10:44:14
157,10:50:33
158,10:56:45
159,11:02:59
160,11:09:08
161,11:15:16
162,11:21:21
163,11:27:24
164,11:33:25
165,11:39:22
166,11:45:19
167,11:51:15
168,11:57:04
169,12:02:56
170,12:08:45
171,12:14:31
172,12:20:12
173,12:25:57
174,12:31:37
175,12:37:15
176,12:42:50
177,12:48:25
178,12:53:55
179,12:59:27
180,13:04:55
181,13:10:21
182,13:15:46
183,13:21:10
184,13:26:32
185,13:31:51
186,13:37:09
187,13:42:26
188,13:47:40
189,13:52:51
190,13:58:03
191,14:03:13
192,14:08:23
193,14:13:29
194,14:18:34
195,14:23:36
196,14:28:38
197,14:33:36
198,14:38:37
199,14:43:35
200,14:48:29
201,14:53:24
202,14:58:17
203,15:03:07
204,15:07:58
205,15:12:47
206,15:17:35
207,15:22:17
208,15:27:04
209,15:31:48
210,15:36:28
211,15:41:08
212,15:45:46
213,15:50:24
214,15:55:03
215,15:59:36
216,16:04:09
217,16:08:40
218,16:13:12
219,16:17:43
220,16:22:13
221,16:26:39
222,16:31:07
223,16:35:30
224,16:39:53
225,16:44:17
226,16:48:38
227,16:53:01
228,16:57:18
229,17:01:36
230,17:05:54
231,17:10:09
232,17:14:25
233,17:18:38
234,17:22:50
235,17:27:02
236,17:31:13
237,17:35:19
238,17:39:31
239,17:43:37
240,17:47:45
241,17:51:49
242,17:55:54
243,17:59:58
244,18:03:59
245,18:08:00
246,18:12:01
247,18:16:01
248,18:19:57
249,18:23:55
250,18:27:53
251,18:31:46
252,18:35:40
253,18:39:34
254,18:43:27
255,18:47:20
256,18:51:10
257,18:55:01
258,18:58:50
259,19:02:38
260,19:06:24
261,19:10:12
262,19:13:58
263,19:17:42
264,19:21:26
265,19:25:09
266,19:28:53
267,19:32:34
268,19:36:13
269,19:39:54
270,19:43:31
271,19:47:09
272,19:50:47
273,19:54:23
274,19:57:59
275,20:01:34
276,20:05:08
277,20:08:42
278,20:12:12
279,20:15:47
280,20:19:16
281,20:22:46
282,20:26:15
283,20:29:46
284,20:33:12
285,20:36:40
286,20:40:08
287,20:43:33
288,20:47:00
289,20:50:22
290,20:53:46
291,20:57:10
292,21:00:33
293,21:03:54
294,21:07:13
295,21:10:37
296,21:13:56
297,21:17:12
298,21:20:31
299,21:23:48
300,21:27:06
301,21:30:22
302,21:33:39
303,21:36:53
304,21:40:05
305,21:43:21
306,21:46:34
307,21:49:46
308,21:52:58
309,21:56:09
310,21:59:21
311,22:02:31
312,22:05:40
313,22:08:48
314,22:11:55
315,22:15:04
316,22:18:10
317,22:21:16
318,22:24:23
319,22:27:29
320,22:30:33
321,22:33:37
322,22:36:41
323,22:39:44
324,22:42:45
325,22:45:48
326,22:48:50
327,22:51:49
328,22:54:49
329,22:57:49
330,23:00:48
331,23:03:45
332,23:06:44
333,23:09:40
334,23:12:38
335,23:15:34
336,23:18:31
337,23:21:25
338,23:24:19
339,23:27:16
340,23:30:09
341,23:33:02
342,23:35:55
343,23:38:48
344,23:41:36
345,23:44:30
346,23:47:20
347,23:50:10
348,23:53:01
349,23:55:48
350,23:58:39
351,00:01:26
352,00:04:15
353,00:07:03
354,00:09:46
355,00:12:33
